Financial
Banks;1931;Brown;Investment;American;Private
Banks;Companies;Non-profit;1948;Credit
Companies;Banks;Online;Banca
Cryptocurrencies;Payment;Digital;Financial;Foreign
Financial
Uppsala;1866;Stockholm;Macroeconomists;1945;Monetary;Swedish;Financial
Streets;Financial;History
1960s;Living;People;Financial;Merrill
Companies;Financial;Peer-to-peer
Iran-related;Companies;Banking;Financial;Economy
Economy;Financial
2009;Audio;Financial;WNYC;NPR
Companies;Multinational;Financial;Health
Buildings;Commercial;History;National;Financial;Historic
European;Banks;Government;1816
Companies;American;Privately;Financial;Peer-to-peer
2015;Defunct;Banks;1993
Banks;Companies;HSBC;1981;Schedule
Financial;Corporate
1999;Banks;Financial;Companies;Eika
Stockbrokers;Mutual;Banks;Companies
Non-profit;Financial;Social
Banks;Online;Mortgage;Bank;Companies;1907;Financial
Financial;Sales
United;Financial;2000
Companies;Financial;Investment
Companies;2001;Banks;Private
Student;Education;Public;Financial;Companies
Companies;Chinese;Banks;Privately
Companies;Financial;Online;Brokerage
Association;English;Bristol;Port;Living;Sportspeople;Leeds;Financial;1959;Sheffield
ISO;Security;Financial
Banks
Companies;Banks;1991
County;Companies;Manufacturing;QUINN;Glassmaking;Financial
Harvard;Yale;Fellows;Guggenheim;MIT;California;American;1944;Corporate;University;Living;Massachusetts;Financial
Companies;Multinational;Banks;Online;Singaporean
2000s;United;Interest;Economic;2010s;Financial
1889;Banks
Funds;Investment;Financial
Banks;Payment;Banking;Merchant;Commerce;E-commerce
Green;Orange;Financial;Railway
Banks
Banks
Financial
UEFA;Sports;Financial;Sportsmanship
Commonwealth;Federal;Financial;Government;1998
Banks
Anne;Financial;Museums;Holocaust
Companies;Bolzano;Banks;1854
Market;Pseudohistory;Technical;Pseudoscience;Business;Financial
Companies;Banks;1852
Banks;Private
Companies;Regional;Banks;1943
Defunct;2001;Banks;Companies
Banking;Monetary;Banks
University;Duke;Carnegie;Accounting;Living;Year;Financial
New;Competition;Financial
Financial
Educational;Financial;2009
Companies;Credit;Banks;1960
Banks;Itaú;Itaúsa
Office;Buildings;Commercial;Chicago;National;Modernist;Financial;San
Small;Organizations;Financial;Government
Profit;Financial;Management;Corporate
Banks;Benefit
Companies;Banks;Economy
Companies;Banks
Failure;Systems;Financial;Debugging
Financial;Credit
Financial
Banks;Midori-kai;Companies;Nomura;Holding;1925
Aga;Companies;Banks;1946
Banks;Credit
Companies;UBI;Banks;Banca
Financial
Companies;Electronic;Financial;Software
Financial
Banks;Companies;1981
Application;Business;Financial
Wharves;Warehouses;Redeveloped;Buildings;Commercial;Industrial;Landmarks;History;National;Financial
Investment;Banks;BNP
2014;Banks
Companies;Financial;Solar;Venture
Banks;1896;Defunct;Political;Bank;History;Economic
Banks
Financial;Insurance
Banks;1903;Newcastle;Building
Banks;Regions;Companies;American;1971;Economy
HSBC;Defunct;Banks
Banks
European;Georgian;Organisations;Monopolies;Public;Banks;HM;Grade;Bank;Central;Neoclassical;John;Herbert;Economy;Banknote;1694
Hedge;Financial
Transaction;Financial
Economy;Uruguayan;Banks;Government-owned
2008;Companies;Banks
International;Financial;Globalization
Economy;Regional;Banks
Companies;Crown;Financial;Ethical
Crypto-anarchism;Anonymity;Banking;Financial
Economy;Banking;Financial;Government
1999;Financial
Financial
Economy;Banks
Companies;Financial
Defunct;Banks
Banks
Financial
Companies;Financial
Recipients;2001;Public;Dutch;Royal;Christian;Knights;Presidents;Disease-related;Members;Reformed;Anti-Revolutionary;VU;Ministers;Financial;Erasmus;Prime;20th-century;People;Leaders;1918
Companies;1847;Banks
Harvard;Princeton;Hebrew;Fellows;Cognitive;Israeli;Social;Positive;Grawemeyer;Nobel;Members;Framing;Jewish;People;American;Behavioral;University;Living;1934;Financial;French
Former;Banks;1978;Companies;2002
Nairobi;Economy;Banks;1993;Companies
Banks;1874;1919;Companies;Defunct;Scotiabank
2014;Stock;Economic;2015;2010s;Financial
Banks;Government-owned;Export;Defunct;Government;Independent
Broadway;National;Financial;Buildings;Skyscrapers
Financial
Financial;Corporate
Pension;Financial
1921;Defunct;1947;Banks;Bank
Banking;Financial
Banks;Economic;History;1826;Defunct;1843
Java;Financial;Cross-platform;Technical
Banks;Lists
Banks;1935;Brands;North
Alumni;1942;Officers;Living;People;Financial
Comecon;Banks;Supranational
Criticisms;Fiscal;Economic;Investment;Social;Pensions;Demographic;Financial
Banks
Banks
Financial;Private
Banks
Living;British;Financial;The
Banks
Banks
Agricultural;Business;Financial;Types
Societates;Financial;Privately
Banking;Asset;Financial
Financial
Companies;Financial;1993;Foreign
Banks;1938;Manitowoc;Credit
Yaoundé;Economy;Banks
Defunct;Banking;Banks
19th;Businesspeople;Companies;American;1911;Financial;Economic;Bookstores;1843
National;Banks;Bank;Buildings;Columbia
Banks
Financial;Chart
Companies;Financial
Financial
Banks
Banks;Economy;Central;1981;Government
Pensions;Financial
Bank;Companies;Banks
Private;Madoff;Banks;Lucerne
Securities;Financial
Former;1893;Banks;Province;Companies
Software;Reporting;Cloud;Companies;Canadian;ERP;Accounting;Supply;Business;Financial
Banks
Primary;Companies;Financial
Financial
Bank;Defunct;Banks;Companies;Economic
Companies;Banks
1996;Companies;Banks;Financial;Holding
Sport;Association;Football;1995;Guizhou
1968;Qala;Gozitan;Football
Buildings;Football
Association;Sport;1939;Football
1995;Football;Defunct;1978;Association
Sports;Football;Buildings;Multi-purpose;Samsunspor
Football
Association;Football;1908
Sport;Treviso;Sports;Football
Recurring;1953;Football
Association;1983;Burgos;1936;Defunct;Football
2009;Recurring;Football;German
Hapoel;Jewish;1971;Israeli;Living;Sportspeople;People;Maccabi;Football
Association;Sport;Football;1940
Mbeya;Buildings;Football
Association;West;1950;Football
2014;2013–14;Football
Third;Football
1966;Defunct;Sports;Football;FK
Association;Ski;Norwegian;Bandy;Multi-sport;1907;Defunct;Sport;Football
Sport;Football;Athletics
Football
Gimnástica;Football
1990;Buildings;A.S.;Renzo;Sports;Football
Association;Sport;1944;Football
Second;Football;Segunda
Association;1900;Football
Sports;Football;1956
Association;1919;Football
FC;Event;Olympic;Multi-purpose;1980;Visitor;Gerkan;Athletics;National;Sports;Football;UEFA
1938;Buildings;FC;Multi-purpose;Visitor;1998;Sport;Sports;Rugby;Football
Åland;Womens;2004;Football
Atlético;Sports;Rugby;Football
Association;Lega;Empoli;1920;Serie;Football
Association;Sport;1971;Football;GKS
Clube;Sports;Football;Visitor
Association;1996;FC;1965;Defunct;Sport;Football
Hakoah;Hapoel;F.C.;1979;Liga;Israeli;Living;Maccabi;Football;Beitar
Association;Sport;1999;Football;C.S.
National;Polish;Football
Association;1917;Kniksen;Rosenborg;Sport;Football
Association;Figure;1967;Bandy;Swimming;Defunct;Sport;Table;Football
Football
1984;Association;Football
Copa;Football;International;1929
Multi-purpose;Devonshire;Cricket;National;Bermuda;Football;Athletics
Scottish;Sports;Football;Arbroath
Association;English;1896;Crawley;Metropolitan;Southern;National;Football
German;Officers;Living;1922;Bundesliga;Football
Association;Phoenix;Football;Juan
Multi-purpose;Football
Panathinaikos;1970–71;AFC;Football;UEFA
Sport;Squares;Football
Association;Lanark;Scottish;Sport;Football;1920
2015;Association;1921;Football;Liga
Sport;1883;Football
Football
Association;Football;Juan
Association;Meistriliiga;JK;1911;Football
Sport;Sports;2000;Football
Association;Omani;Muscat;1942;Asian;Football
1913;Association;Football
Sport;Football
Association;Mes;Football;1998
Baseball;Acapulco;Sports;Football
Danish;Second;Football
Gimnasia;Copa;Sport;Buildings;Football
Association;AS;1902;Sport;Cannes;Football
Central;Sports;1971;Football
1886;High;TCU;Pritzker;People;1950;Football
Association;1964;Football;Divisiones
Womens;Sports;Top;2006;Football
Multi-purpose;Sports;Football
Recurring;West;Football
Mataró;Association;1939;Football;Divisiones
2015;Association;Sport;FC;Football
Soeratin;Football;Youth
FC;Sports;Buildings;Football
Sports;Football
Association;Organisations;Standard;1898;Sport;Football
1942;Association;Football
Defunct;SpVgg;Football;Bavarian;German
South;Buildings;FC;2002;Sports;Rugby;Football
Association;1935;Defensa;Football
Scottish;Association;1921;Football
South;Lowland;Football;Association;1905
Association;National;Eastern;1904;Athenian;Histon;Southern;Delphian;Football
FC;Association;Football
Tropojë;2013;Association;Football
1921;Association;Sport;Football
1942;Association;Sport;Scottish;Football
Womens;Football;Challenge
1967;Association;Chalcis;Football
2012–13;Football;Lists
Queens;Glasgow;Scottish;Airdrieonians;Sports;Football
Association;London;1986;British;Magazines;Football
Lists;Football;2015–16
Ruch;Association;Sport;1919;Football
Indian;2013;Top;Professional;Sports;Football
HB;Football;Herfølge
Wolverhampton;Football;1987–88;Burnley
FC;Multi-purpose;Sports;Rugby;Football;Athletics
Salalah;Asian;Football;Omani
Sports;Football;Multi-purpose
Association;Ittihad;1927;Football
Football;Athletics
National;Copa;Recurring;1950;Football
Football
FK;Multi-purpose;Buildings;Football;Athletics
Association;North;Mossley;1903;Sport;Football;Northern
Association;Sport;1955;Football
Association;Sport;1999;Football;C.S.
Association;Joinville;Football;1914
Association;1860;Sportspeople;Birmingham;Date;Football;Southern;Luton;1926;English
Sports;Professional;Futsal;Football;2016
Recurring;Defunct;Football
Multi-purpose;Cricket;Dubai;Stadiums;Sports;Football;Test
Football
Boca;Recopa;Arsenal;2008–09;2008;Football
FC;Sports;Buildings;Football
Boa;Football
Defunct;Association;Football
20th;1919;1923;Southern;Defunct;Sports;Football
TT;Football
Buildings;Balıkesirspor;Multi-purpose;Sport;Sports;Football
Association;1911;Football
Defunct;Sport;1898;Association;Football
Defunct;Association;Rugby;Football;1885
Bayer;Womens;2008;Football;Leverkusen
Derbyshire;Traditional;Football;English
Sport;Sports;Football;1920
Association;1935;K.;Football
ŁKS;Association;1908;Football
Association;1910;Stjørdal;Sport;Football;Athletics
Indian;Cricket;Defunct;Sports;Rugby;Football
Association;1930;Worksop;Midland;National;Football;Yorkshire
Association;Sport;Multi-sport;Football
Pioneer;Multi-purpose;Jurong;S.League;Gombak;Football;Sports
1929;Association;Sports;Football
Eastern;1935;Football;Sports
Association;Sport;1944;Football
FC;Association;Sport;2005;Football
Samsunspor;Bayer;Premier;FC;Kicker-Torjägerkanone;Greek;2.;Kallithea;Expatriate;Association;Eintracht;Konyaspor;Bundesliga;Akhisar;Football;UEFA;Superleague;2014;Greece;Eskişehirspor;2010;Portsmouth;Süper;AE;Levante;Panathinaikos;2005;1980;People;Swiss;La;Hertha;Living;VfL
2010–11;Football;Lists
Association;1970;English;Northwich;Schoolteachers;York;Sheffield;Port;Alumni;Shepshed;Hucknall;Birmingham;Chester;Carlisle;Hartlepool;National;Living;Doncaster;Football;Northern
Multi-purpose;Buildings;Football
England;Buildings;Retractable-roof;Jacksonville;Olympic;Neo-futurism;2007;Tottenham;FA;Sports;2012;National;Football;American;European;Rugby;Wembley;Music;UEFA
Sport;Association;Czechoslovak;Football
2011;Sports;Football;Cricket
Football
Football
Tokyo;FC;Multi-purpose;College;2020;American;Sports;Rugby;Football;Chōfu
Association;Parks;Motherwell;Golf;Sports;Rugby;Football
Manchester;1999–2000;1999;S.S.;Football;UEFA
1966;Association;Rother;Football;Southern
2009;Primeira;2010;Football;Lists
Association;Commons;Ukrainian;FC;Soviet;Football;1925
Association;1894;Southern;Sport;West;Football
Buildings;Süper;Multi-purpose;Bursaspor;Sport;Sports;Football
1928;Asian;Football;Sports
National;Organisations;Sports;Football
1933;1897;Football;1949
1986;Hapoel;Israel;Sektzia;F.C.;People;Liga;Israeli;Living;Maccabi;Football;Beitar
Association;K.A.A.;1956;Belgian;Living;Sportspeople;Football
Association;Sport;1844;Multi-sport;Football
Sport;Buildings;Football
Law
Obama;Mexico–United;2010;Law;United;2009;2008;Mexican;2007;2011;Operations;2012;George;Organized;2006;Bureau
Solicitors;United;Lists;Law
Harvard;1912;Law;Judges;United;Members;American;Politicians;20th-century;Massachusetts;1857
Missouri;Education;Public;Buildings;Law
Freedom;United;English;Law
Law
Harvard;Law;United;1973;Columbia;American;University;Living
Universities;1986;Educational;Law
Public;1938;Law;Property;Housing;Canadian
Municipal;Organizations;Government;Law
Rock;Establishment;Law;Wisconsin;United;1890;Legal
Treaties;Law;1992;Liability;Environmental;International;1969;Oil
Intellectual;Wikipedia;Law
Drug;Law
Drug;Law
Universities;Law;Educational;Business;Campbell;1976
Specialist;Government;Law
Westchester;Law
ABS-CBN;Television;Law;Police;2015;Philippine;2010s
Criminal;Law
1839;British;1896;Suicides;Law
Williams;Harvard;1997;Law;Academics;1910;University;20th-century;Legal
Government;Law
1952;Law
Seventh-day;Law
MEPs;Law;1947;Members;Living;People
Educational;1865;University;Law
Law;Educational;Texas
Hindi;Films;2010;Law;Indian;Directorial;2010s
Fire;Law;Acts
Universities;KIIT;2007;Educational;Law
Law;Indian;United;Judges;1967;Stanford;American;Living;People
1932;United;72nd;Law
Foreign;Law
National;Educational;2006;Universities;Law
New;Georgetown;Law;Assistant;Governors;Living;Republican;1957
Protests;Deaths;Law;American;2003;History;People
Mass;Law;Serbian;Anti-Albanian;1999;Massacres;1998
Law;17th;1666;Great;Acts
1922;Defunct;2011;Companies;Law
Religion;Criminal;Law;18th;History;English;Penology
Law
National;Graduate;Educational;1915;Law
Foreign;Law
1937;Law;Indian;Rajya;Members;Governors;Haryana;Living;People
Capital;Human;Law
Law;Educational;University
Harvard;Judges;Law;Lawyers;Stanford;Politicians;Living;1948
2005;California;Law
2005;Law
1937;Public;United;75th;Law
Swedish-language;Law;Norwegian-language;Universitetsforlaget;Multilingual;Danish-language;1888;Publications
Doctoral;Law
Law;Area;J.;Brigham;American;Mormon;1960;Living;Utah
Government;Law
Computer;Memorials;Law
International;Maritime;Law
South;Living;Running;1988;Law
Latin;European;Tort;Law
Exclusive;Hydrography;Fisheries;Fishing;Law
Law;Lists
United;1934;Law
Queens;Judges;Law;Alumni;McGill;Canadian;University;Living;Year
Law
Law;Brill;English-language;Publications;Triannual
State;Yale;1931;Law;Judges;United;Arizona;Minnesota;Judge;Peace;Makerere;American;University;Living;20th-century;People
Law
Regional;Law
1995;Brigham;Libraries;Law
Law;1849;Education;Educational;Defunct;Poughkeepsie;1860s
21st-century;Law;Members;Politicians;Living;1969;Poland
Companies;Law
Schools;Law
Law
Yale;Law;Biannual;American;English-language;Publications
Williams;Harvard;1916;Law;2016;United;American;20th-century;People
Law
Universities;Law;Kentucky;Educational;1893;Salmon;Northern
Law;Human
1970;Occupational;Law;United;Safety;91st
Deaths;Law;Crimes;Police;1963;People;2006
Law
Organizations;Law;Christian;United;Far-right;Crimes;Apocalyptic;2008
Special;Law
Law;Deemed;Education;Research;Legal;1956
Law;Municipal;Daytona
Harvard;Law;United;1941;American;Living;Princeton
Law
Haidian;1952;Educational;Universities;Law
1713;Educational;Schools;Law
Attorneys;Law;Common;Lists
Civil;Awards;2002;Law
Universities;Yeshiva;Educational;1976;Law
Law;Privately;1871
1990;South;Jellyfish;21st-century;Running;Off;Law;VIXX;Howon;Living;Japanese-language;People
South;Running;Law;King;Shinhwa;1979;Mnet;Living
Fox;Fictional;1994;Law;Television;1990s;Police;American;1998;English-language
Law
20th;Government;History;Law
Organizations;International;Law
11th;Deputy;Law;Indian;1947;Maharashtrawadi;Union;Members;Living;People;Leaders;Lok
Law
Association;Organizations;Law;2015;Counter-intelligence;Privately;British;1948
Law
Recipients;Presidential;Yale;Deaths;University;Law;Sportspeople;United;Alumni;Lawyers;1917;2002;Colorado;All-American;College;American;Pittsburgh;Detroit;National;20th-century
Freedom;Law
Vanderbilt;Law
New;Harvard;Law;Boston;Columbia;1941;University;Living;Princeton
Economic;Law
New;Yale;Law;United;People;Dismissal;1960;Living;George
Solicitors;Legal;Occupations;Scots;Law
Universities;Buildings;Law;Tel;Education;Film;Research;Educational;1956
United;2004;Legal;108th;Law
Law
Law;Bar;Serjeants-at-law;1805
Law;Grade;1964;Library;Deposit;Libraries
Law
Sex;Law
Law
Emergency;1853;Law
CountryLink;Law;Defunct;Railroad;Sydney;NSW
Popular;Science;Academic;Law
Fictional;Law
1970;Nursing;Schools;Law;Engineering;ASEAN;Educational;National;Business;Information
Universities;1953;Educational;Law
Rhode;State;Penal;Law;Lists;Prisons
Death;Deaths;Law;Race;Black;Suicides;African-American;1987;Waller;2015;History;African-American-related
Coast;Government;Law
Consciousness;Law
Solidarity;Law;Christian;Polish;Liberal;Living;Centre;1950;Movement
Law;Businesspeople;1952;Presidents;American;University;Living
Peoples;Counter-terrorist;Special;Law
Candidates;Dayanand;1912;Chief;Law;Indian;The;Justices;Legal;People;2008
Defunct;1934;Law
Municipal;Law
Pennsylvania;Gun;Radical;Law;Riots;Black;African-American;1978;2002;Far-left;1985;Unsolved;Green;Explosions;1972;Improvised;Philadelphia;Armed
Law;Alumni;2000;International;Terrorism;Great;East;Perpetrators;1907;Interwar;Politicians;Government;Recipients;Foreign;German;NKVD;Communist;Anti-Revisionists;SV;Prisoners;Anlauf-Lenck;Members;Anti-Americanism;Anti-Zionism;Anti-Francoism;People;Stasi
North;Law;1958;Courthouses;District;Delhi;Government
Law
Education;Buildings;Vocational;Law
Law
O.;Racism;Law
Law;Judiciaries;Presidents;Lists
Foreign;Law
Legal;History;Law
Law;United;Universal;The;1930
Judaism;Law;Christian;Religious;Ethical;Theories
Law;Security;Crime
Business;Legal;Corporate;Law
Emergency;Law
Recipients;Chief;Commanders;Law;1999;Scottish;British;People;1914
Jewish;Educational;Touro;Law
Law;Organizations;1957
Law
Law;United;Codes;English;Governance
2001;Law;Paramilitary;Urban;Political;Government
International;Law
Harvard;Yale;Santa;Law;Rutgers;Illinois;American;University;Living;Year
1320s;Law;Catalan;Nautical;Medieval;14th-century;History;Legal
Law;Companies;Insurance
Law;1862;1861;Porfiriato;Mexican;1914
Hindu;Ancient;Legal;History;Law
Hospitals;Law
Law
Law
Mathematical;Geometry
Mathematical;Organisations;International;Research;Leibniz
Mathematical;Living;21st-century;1936;Bulgarian;20th-century;People
Mathematical;Calculus
Mathematical;Approximations;Relaxation
Mathematical
Mathematical
Mathematical;Articles;Multilinear
Mathematical;Proof;Swedish;Members;1936;Living;20th-century
Mathematical
Mathematical;Monte
Mathematical;Bonn;Research;Max;University
Mathematical;2000;Research
Mathematical
Mathematical;Ubisoft;Standardized;Nintendo;Language;2008
Mathematical;Organizations;1949;Buildings
Mathematical;Formalism
Basic;Mathematical
Mathematical;Pictograms;Japanese;Yaeyama
Mathematical;Computational;Nonlinear
Mathematical
Mathematical;South;1953;21st-century;Fellows;Wolf;Number;ISI;Members;Institute;Stanford;Courant;University;Living;20th-century;People;Princeton
Elementary;Mathematical
Mathematical;Lists;Mathematics-related;Mathematics
Mathematical
Mathematical;Arithmetic
Mathematical;Pricing;Utility
Mathematical;Random;Probability;Algebra
Mathematical
Corresponding;Theoretical;Austrian;University;Optical;Fellows;Winners;Nobel;Honorary;Recipients;Mathematical;Foreign;1961;Mystics;Humboldt;Irish;Erwin;Thermodynamicists;Infectious;Members;20th-century;People;1887;Quantum
Mathematical;Computer-aided;Computer;Simulation
Mathematical;Discrete
Autonomous;Research;Universities;Mathematical
Econometricians;Turing;Carnegie;University;National;History;Fellows;Cognitive;Nobel;Jewish;Design;Microeconomists;Mathematical;2001;Public;Foreign;John;Illinois;Mathematics;Computational;1916;Members;American;Educational;20th-century;People
Mathematical;Geophysics;Statistical;Geology;Awards;Earth;International;Mathematics
Mathematical;Deception;Entertainment;Magicians;Education;Magic
Mathematical;Foundational;Concepts;Quantum
Mathematical;Investment
Mathematical;Stock
Mathematical
Mathematical;21st-century;Alumni;Academics;Solitons;1929;20th-century;2008
1922;Scientific;Organizations;Mathematical
1789;Mathematical;Italian;1860;19th-century;University;Differential
Game;Mathematical;Cooperative;Combinatorics;Matching
Mathematical;Stochastic;Optimal;Advertising
Mathematical;Archaeological;History
Mathematical;Elementary
Mathematical
Mathematical;Research;University
Mathematical;Theorems;Methods
Mathematical
Mathematical
Mathematical
Mathematical;Digital
Mathematical;Dimensionless;Physical;Measurement;Metrics;Analytical;Environmental;Chemical;Units
Differential;Theory;Mathematical
Mathematical;Economic;Psychometrics;Latent;Statistical
Mathematical
Mathematical;18th-century;Full;Fellows;1700;Heidelberg;Fluid;Bernoulli;Swiss;Probability;1782
Mathematical;Champaign;Cloud;Software;Wolfram
Mathematical;Mathematics
Mathematical;Set;Independence
DNA;Biological;Mathematical
Mathematical;Short-rate;Fixed;Finance;Stochastic;Interest
Mathematical;Algebraic;Complex;Italian;Fellows;1961;Members;20th-century;People;1879
Mathematical;PDE;1917;1999;Operator;University;20th-century;People
Historical;Mathematical;Logarithms;Analog;Mechanical;English;Navigational
Mathematical;Italian;Sapienza;Relativity;1979;1911;University;20th-century
Numerical;Scientific;Design;Mathematical
Mathematical;Set;Formal
Theoretical;Alumni;Institute;1984;University;Lucasian;Fellows;Royal;Winners;Nobel;1902;Recipients;Mathematical;Paul;Foreign;British;English;Florida;Members;20th-century;Scientists;Quantum
Mathematical;Philosophy;Foundations;History
Mathematical;1908;Mathematics
Mathematical;Object-oriented;Parallel;Unix;Numerical;Data;Array;OpenGL;C;Science;Computer;3D
Mathematical;Supramolecular;Molecular;Topology
Geometric;Graph;Unsolved;Infinite;Mathematical
Mathematical;Graph
Mathematical;Logic;Substructural
Mathematical;Harvard;21st-century;1978;Olympic;People;American;Living;British;Massachusetts;Wrestlers
Mathematical;Recipients;1901;Complex;1978;Hiroshima;Japanese;20th-century;People;Kyoto
Mathematical;In-jokes;Professional
Mathematical;1937;21st-century;American;Carnegie;Living;20th-century;Princeton
Mathematical;Edsger;Amsterdam-Oost;1946;Members;Research;Science;Computer
Mathematical;Numerical;Functional;Algebraists;1893;Jewish;Operator;1986;20th-century;People
Mathematical;Royal;1952;Directors;Swedish;20th-century;1888
Mathematical;Topologists;Harvard;21st-century;1916;Guggenheim;Putnam;Members;Rice;20th-century;People;2006
Mathematical
Mathematical;Integers
Mathematical;General
Mathematical;Crystallography;Fourier;History;University
Mathematical;Theory;Probability
Mathematical;Geometric;Birds
Mathematical;Fellows;General;1945;École;Électricité;Pontifical;Living;20th-century;French
Mathematical
Mathematical
Mathematical;Functions
Differential;Manifolds;Mathematical
Mathematical;Elementary;Subtraction;Addition
Mathematical;Theoretical;Closure;Binary;Abstract
Mathematical;Articles
Mathematical;20th-century;21st-century;Alumni;Academics;Living;Year;Whitehead
Mathematical;Gottfried;Mechanical
Mathematical
Numerical;Mathematical
Mathematical;Foundational;Hamiltonian;Articles;Symplectic;Quantum
Mathematical;Lorentzian
Mathematical;Set;Concepts
Mathematical;Computational;Discrete;Enumerative;Polyhedral;Geometric;Polyhedra;Linear
Mathematical
Mathematical
Mathematical;21st-century;1939;Functional;Louisiana;Living;20th-century;George
Mathematical
Mathematical;Process
Mathematical
Mathematical;Incidence;Projective
Mathematical;Microsoft;University
Mathematical;Functions
Mathematical;Constraint;Intertemporal
Mathematical;Means
Mathematical;21st-century;Wichita;1947;Living;20th-century
Free;Declarative;Object-oriented;Simulation;Mathematical
Mathematical
Mathematical;Philosophical;Concepts;Philosophy;Infinity
Mathematical
Mathematical;Office;Mechanical;Articles
Mathematical;Ordinary;Recursion;Lie
Mathematical;Rotation;Rotational;Representation;Quantum
Mathematical;Protein
Mathematical;Regression;Statistical;Systems;Optimal;Quality;Industrial;Operations;Design
Mathematical
Mathematical;Limits
Mathematical;Geometric
Mathematical;Theoretical;Elders;Fellows;Deaths;1831;19th-century;Color;Alumni;Calvinist;Academics;Thermodynamicists;James;Burials;Scottish;British;People;Second;Magneticians;1879;Optical
Mathematical;Model
Mathematical;Short-rate;Options
Mathematical;20th-century;21st-century;1945;Russian;Soviet;Dynamical;Living;Moscow;People
Mathematical;Metatheorems
Mathematical;Linear
Mathematical;1937;21st-century;2012;Saint;20th-century;People
Mathematical;Convex;Convexity;General
Mathematical
Mathematical
Mathematical;Theoretical;Approximations;Supersymmetry
Mathematical;Real;Multivariable
Mathematical
Dynamical;Mathematical
Mathematical;Large
Mathematical;Descriptive
Mathematical;1858;19th-century;École;1936;Members;University;20th-century
Mathematical;Finance;Martingale
Mathematical
Boundary;Partial;Mathematical
Mathematical;Evolutionary
Mathematical;Optimization
Mathematical;Place;1988;Online;Stony;American;Recreational;Living;Mathematics
Mathematical;Sequences
Mathematical;Spinors
Mathematical;Physics;Gravitation
Mathematical;Combinatorial;Computer
Mathematical;Scottish;Mechanical;Multiplication
Vector;Theorems;Mathematical
Mathematical;21st-century;Guggenheim;2015;American;Dynamical;20th-century;1915
Mathematical;Complex;Fellows;1977;Humboldt;Polish;PDE;Stanford;Jewish;American;20th-century;People;1895
Mathematical;20th-century;Russian;1987;1907;Soviet;Moscow
Mathematical;Combinatorialists;Topologists;1912;Syracuse;Institute;University;Differential;20th-century;1960
Mathematical;Recurrence
Military
Former;Vice;Air;Military
Organisations;Infantry;Military
1970;Convair;Accidents;Aviation;Individual;Military
1932;Educational;Universities;Military
Indian;Elephants;Khilji;Military;Delhi;Year
Recipients;World;Luftwaffe;1981;German;1910;Reichsmarine;People;Military;Major
Military
History;Museums;Military
Organisations;Battle;Aircraft;Royal;Museums;Military
Charities;Royal;Ministry;1979;Cold;Museums;Military;National
Admirals;Military;Naval;5;Royal
Buildings;Military
Uniformed;Canadian;Department;Military
Recipients;German;1919;1944;Military;People
Former;Epsom;Defunct;Hospitals;Military
Airports;1938;Buildings;SAGE;Fields;Initial;USAAF;Census-designated;Superfund;Populated;Military;Airfields;Aerospace;Radar
French;Expatriate;Military
Future;United;Military
Military
World;Belgian;1944;Military
Wisconsin;Businesspeople;1898;Members;Military;1966;20th-century;People
Florida;1919;Texas;Military;Winthrop;Wright-Patterson;University;2008
Airports;Royal;1919;Water;Military;Karmøy;1918
1945;Museum;Military;Ships;Cold;Museums;Balao-class;National
Closed;Republic;Military
1793;2008;Royal;1900;Military
19th-century;United;Confederate;Burials;American;Military;People;1888;1802
Special;Military
Artillery;Military;Royal
New;Abenaki;Algonquian;First;Fur;Shawnee;Military;Battles;Wabanaki;Colonial;Native;History;Wyandot;Wars;Innu;17th-century;17th;Iroquois
United;American;China–United;Military
Plymouth;United;Latin;History;Military;National;Exeter;Abbeville
World;Eastern;German;Germany–Soviet;Military;Unfree
21st-century;1981;Indira;Indian;Femina;Miss;Military;Living;LGBT;People;Actresses
1891;1865;Forts;1890s;Ruins;History;Military;National;Museums
British;Royal;Military
Buildings;United;Supercomputer;Oak;HSA;Manhattan;1942;Leadership;Superfund;Laboratories;Nuclear;Military;Battelle
Recipients;German;Luftstreitkräfte;Knights;Aviators;1917;Military;1889;People
Military
Military
Iraq–United;Iran–United;Battles;Non-combat;Military
Royal;Military
Recipients;World;Luftwaffe;German;Chinese;1993;Military;1922;People
United;Filipino-American;American;History;Military;Philippine–American;20th-century
World;Battles;Cancelled;Military
Transportation;United;Airports;Military
Military
Allied;Groups;Germany–Soviet;Cold;Perestroika;Military
Mass;Hindu–German;Conflicts;Indian;Mutinies;History;Military;British;People;1915
Imperial;Anti-aircraft;Military
1941;Numbered;Military
1947;Airborne;1956;Military
Military;Awards
Honours;Military
Canadian;Military
Names;Grand;1830;1763;Military;Order;French
Wisconsin;United;1923;2009;Military;Members;People;University;20th-century;School
Ground;Military
Special;1987;Military
National;Bunkers;1942;Buildings;Military
Thirty;Hesse-Kassel;Military;Hesse-Darmstadt;17th-century
RAAF;Air;Military
Puerto;Military
Diversionary;Military;Maneuver
Bangladesh;Military
Treaties;Poland–Ukraine;Interwar;Military;History;1920
Military
Unidentified;Soldiers;World;Tombs;Military
Uganda;Military
Corps;Military
Possibly;Archdeacons;Alumni;Military;20th-century;1915
Wisconsin;Businesspeople;United;1924;Members;2011;Military;People;Marquette
Military
National;Treasury-class;World;Inner;Baltimore;United;Museum;Military;Ships;1936;Weather;Historic
18th-century;Continental;Chief;Connecticut;Members;1822;Military;1736;People
State;Pre-statehood;Protected;Forts;Open-air;Museums;Military;Historic
Recipients;World;1988;German;Reichsmarine;1911;Military;Kriegsmarine;People
German;Military
Rebellions;21st-century;Islamic;Conflicts;2016;Moro;History;Military;Wars;20th-century
Conflicts;Battles;1260;Military
Military
United;Industrial;Companies;Manufacturing;Military;Defunct
Recipients;George;Deaths;Congressional;United;Military;Burials;American;History;1936;National;Alfred;People;Aerial;1879
United;Joint;2010;Military
World;LST-1-class;Museum;1942;Visitor;Ships;Monuments;Museums;Military;National
Military
Marker;Forts;Military
Recipients;1924;1859;Military;Bulgarian;People
Nowogródek;Polish;Military
Pakistan;Paramilitary;Chitral;History;Military
Companies;Organizations;South;1807;Military
Firearm;Gun;Great;1716;Military;18th;History;1725;Acts
Recipients;German;Knights;1979;People;Military;Major;1895
Transportation;United;Industrial;Installations;Military
Buildings;Gateway;1861;Forts;Visitor;Batteries;Military;National;Government
Aircraft;Buildings;1942;Military;National;Government
Shipbuilding;Shipyards;Buildings;Royal;Port;London;Woolwich;History;Military;Woolwich-built
1957;People;Mexican;1879;Military
Military
Organizations;Scientific;Buildings;Archives;Education;Research;History;Military;Science
Polish-language;Polish;1921;Magazines;Military
Conflicts;Military;Campaigns;Ohio;1782
Aleppo;Military
Royal;1916;RAAF;Military
Recipients;Chiefs;Luftwaffe;Foreign;University;Grand;Bundeswehr;Honorary;Condor;Generals;People;1907;Military;Major;2006
Military;Wings;Intelligence
Fighter;Military
Military
Pacific;Indian;Paiute;Military;History;Owens;Wars;1860s
1993;United;Major;1946;Military
Political;496;Ancient;Military;Zhou;544;Year
Infantry;1914;Military
Strategic;World;Bombardment;Military
Pistol;Military
Protective;Guards;Royal;History;Military
Recipients;German;1944;Military;Kriegsmarine;People;1918
Nobility;1227;12th-century;Military;Year;Saints;13th-century
Rifles;Infantry;Assault;Cold;Military;Kalashnikov
1966;Kilkis;Second;Museums;Military
Armoured;Australian;Military
1087;Conflicts;Zirid;History;Military;Battles
Brigades;Military
Rifles;Infantry;Assault;Cold;Military;5.45;Kalashnikov;1974
Biological;Human;Psychedelic;Mind;Central;American;Code;Military
Lombard;10th-century;982;Dukes;Princes;Military;Year
Courage;Military
Conflicts;Expeditionary;Military;Battles;1888;Punitive
United;Fighter;Military
Iron;1977;Queensland;Protected;Important;Military;National
1778;South;Confederate;Disbanded;Military
Infantry;1917;Military
First;Disbanded;Military
Bags;Military
Recipients;Military;Civil;1994;Awards
Special;Military;Naval;Armed;Israeli
Anti-Japanese;History;Military
1904;United;Union;American;Military;People;1843
Recipients;Military;Awards
NATO;Military
Boarding;Military
State;Military
Pistol;Military
Single-engined;Russian;Anatra;Biplanes;Military
Military
Cavalry;Brigades;Military
National;Military
Polish;Military;Converts;Year;1632;Lithuanian
Military
Conflicts;Miami;Military;Pre-statehood;1752;Battles
Serbia;Serbian;Habsburg;18th;Military
18th-century;Treaties;Seven;Geopolitical;Military;Prussia–United;1758
Boat;Military
Network;Military
Military
Frogman;Combat;Landing;Special;Military;Inflatable
High;Military;Educational
Brigades;Military
Chinese;648;History;791;Military
Government;Military
Conflicts;France–United;1898;Former;Battles;History;Military;British;European;Diplomatic;French
Medieval;740;Battles;740s;Military
Acadian;Conflicts;Maritime;Aboriginal;Military
Former;Military
Georgian–Abkhazian;Military;Upper;Operations;Georgia;2006
Navies;Military
Maragheh;Zagros;Landforms;Rivers
Burlington;Rivers;Bedford;Lexington
Rivers;Lists
Rivers
Tributaries;Rivers
Rivers
Monterey;Santa;Rivers;Big
Ouse;Nidderdale;Rivers
Tributaries;Rivers
Rivers
Landforms;Rivers
Landforms;Rivers
Tributaries;Landforms;Rivers
Landforms;Rivers
Monongahela;Tributaries;Allegheny;Landforms;Rivers
Exe;Rivers
Rivers
Khövsgöl;International;Rivers
Landforms;Rivers
Landforms;Rivers
Tributaries;Rivers
El;Rivers
Rivers
South;Rivers;Franklin-Gordon;Lists;Franklin;Western
Vistula;Rivers
Tributaries;Landforms;Rivers
Rivers
Landforms;Rivers
Rivers
Alpine;Rivers
Rivers
Tributaries;Landforms;Rivers
Landforms;Geography;Savannah;Rivers;Borders
Tributaries;Villages;Rivers
Wild;Redwood;Rivers;Six;Klamath;Rogue;Landforms;George
Rivers;Canandaigua
Tributaries;Rivers
Landforms;Rivers
Tributaries;Rivers
Rivers
International;Rivers
Tributaries;Upper;Rivers
Llanrug;Llanddeiniolen;Rivers;Caernarfon;Sites;Waunfawr;Menai;Bontnewydd
Arzawa;Rivers
Drainage;Rivers
Tributaries;Rivers
Blies;Neunkirchen;International;Rivers;France–Germany
Landforms;Rivers
Rivers
Stepenitz;Rivers
Landforms;Rivers
Rivers
Rivers
Tributaries;Rivers
Former;Rivers
Rivers
Tributaries;Landforms;Rivers
Oregon;Landforms;Rivers
Tributaries;Rivers
Lielupe;International;Rivers;Latvia–Lithuania
Rivers;Blies
Tributaries;Rivers;Robson
Tributaries;International;Aroostook;Chaudière-Appalaches;Rivers
Rivers
Fish;Rivers;Lists
Tributaries;Wild;Landforms;Rivers
Tributaries;Landforms;Rivers
Norrström;Rivers
Rivers
Tributaries;Rivers
Tributaries;Rivers
Rivers;Rhine
Outstanding;Landforms;Rivers
Rivers;Moray
Tributaries;Rivers
Rivers;Northern
South;Rivers
Landforms;Rivers
Rivers
Geography;Rivers
Landforms;Rivers
Geography;Rivers
Karelian;Neva;Rivers
Thames;Rivers
Sites;Rivers
Jagst;Rivers
Rivers
Bodies;Rivers
Tributaries;Rivers
Coral;Rivers
Rivers
Rivers
Tributaries;Rivers
Tributaries;Rivers
Rivers
Rivers
Mulde;Rivers
Tributaries;Liard;Cassiar;Rivers
Tributaries;Rivers
El;Tributaries;Diablo;Rivers
Gaspé;Rivers
Rivers
Landforms;Rivers
Dartmoor;Torridge;Rivers
Tributaries;Rivers
Geography;Rivers
Landforms;Rivers
Rivers
Rivers
Governmental;Rivers;Port;Inland;Mekong;Red;Water;Ports;Government
Rivers
Rivers
Rivers;Pilibhit;Tourist;India–Nepal;Lakhimpur;International;Border
Rivers;Tamar
Rivers
Rivers
Tributaries;Landforms;Rivers
Black;Landforms;Rivers
Tributaries;Rivers
Tributaries;Lachlan;Murray-Darling;Rivers;Newell
Rhume;Rivers
Rivers;Lists
Landforms;Sisters;Rivers
Baja;Rivers
Rivers
Rivers
Siret;Rivers
Landforms;Rivers
Lake;Rivers
Tributaries;Rivers
Rivers;Reno
Rivers
Rivers
National;Tributaries;Rivers
Rivers;Lower
Lesum;Rivers
Tributaries;Landforms;Rivers
Tributaries;Rivers
Rivers
Ramsar;Rivers
Rivers;Test
Rivers
Rivers
Rivers
Tributaries;Landforms;Rivers
Bangor;Rivers;North;Penobscot
Landforms;Rivers
Canberra;Murray-Darling;Rivers
Ebro;Rivers
Rivers
Rivers;Váh
Orkdal;Geography;Rivers;Hemne
Rivers
Rivers
South;Rivers
Kallang;Rivers
Tributaries;Landforms;Rivers
Tributaries;Rivers;Landforms;Grand
Landforms;Rivers
Tributaries;Rivers
Coastal;Rivers
Rivers
Landforms;Rivers
Geography;Thoothukudi;Rivers;Tirunelveli
Perth;Swan;East;Rivers
Tributaries;Landforms;Rivers
Gold;Landforms;Rivers;Ghost
Oregon;Landforms;Rivers
Landforms;Rivers
Tributaries;Landforms;Rivers
